label,text,pred_label
ham,"\"\"\"alrite hunny!wot u up 2 2nite? didnt end up goin down town jus da pub instead! jus chillin at da mo in me bedroom!love jen xxx.\"\"\"",ham
ham,"\"\"\"can i please come up now imin town.dontmatter if urgoin outl8r",ham
ham,"\"\"\"cheers for callin babe.sozi culdnt talkbut i wannatell u details later wenwecan chat properly x\"\"\"",ham
ham,"\"\"\"gimme a few\"\" was &lt;#&gt; minutes ago\"",ham
ham,"\"\"\"hey das cool... iknow all 2 wellda peril of studentfinancial crisis!spk 2 u l8r.\"\"\"",ham
ham,"\"\"\"hey sorry i didntgive ya a a bellearlier hunny",ham
ham,"\"\"\"hi missed your call and my mumhas beendropping red wine all over theplace! what is your adress?\"\"\"",ham
ham,"\"\"\"life is nothing wen v get everything\"\". but \"\"life is everything wen v miss something \"\". real value of people wil be realized only in their absence.... gud mrng\"",ham
ham,"\"\"\"speak only when you feel your words are better than the silence...\"\" gud mrng:-)\"",ham
ham,"\"\"\"symptoms\"\" when u are in love: \"\"1.u like listening songs 2.u get stopped where u see the name of your beloved 3.u won't get angry when your\"",ham
ham,"\"\"\"the world suffers a lot... not because of the violence of bad people. but because of the silence of good people!\"\"",ham
ham,"\"\"\"wen u miss someone",ham
ham,"\"\"\"yeh i am def up4 something sat",ham
ham,"\"7 wonders in my world 7th you 6th ur style 5th ur smile 4th ur personality 3rd ur nature 2nd ur sms and 1st \"\"ur lovely friendship\"\"... good morning dear\"",ham
ham,"\"a swt thought: \"\"nver get tired of doing little things 4 lovable persons..\"\" coz..somtimes those little things occupy d biggest part in their hearts.. gud ni8\"",ham
ham,"\"beautiful truth against gravity.. read carefully: \"\"our heart feels light when someone is in it.. but it feels very heavy when someone leaves it..\"\" goodmorning\"",ham
ham,"\"edison has rightly said, \"\"a fool can ask more questions than a wise man can answer\"\" now you know why all of us are speechless during viva.. gm",ham
ham,"\"once a fishrman woke early in d mrng. it was very dark. he waited a while &amp; found a sack ful of stones. he strtd throwin thm in2 d sea 2 pass time. atlast he had jus 1stone, sun rose up &amp; he found out tht those r nt stones, those were diamonds. moral:\"\"dont wake up early in d mrng'' good night\"",ham
ham,"\"tell you what, if you make a little spreadsheet and track whose idea it was to smoke to determine who \"\"smokes too much\"\" for the entire month of february",ham
ham,"\"today is \"\"song dedicated day..\"\" which song will u dedicate for me? send this to all ur valuable frnds but first rply me...\"",ham
ham,"\"two fundamentals of cool life: \"\"walk",ham
ham,"\"u need my presnts always bcz u cant mis love. \"\"jeevithathile irulinae neekunna prakasamanu sneham\"\" prakasam ennal prabha 'that mns prabha is'love' got it. dont mis me....\"",ham
ham,"\"wow. i never realized that you were so embarassed by your accomodations. i thought you liked it, since i was doing the best i could and you always seemed so happy about \"\"the cave\"\". i'm sorry i didn't and don't have more to give. i'm sorry i offered. i'm sorry your room was so embarassing.\"",ham
ham,"&lt;#&gt; , that's all? guess that's easy enough",ham
ham,* will be september by then!,ham
ham,... are you in the pub?,ham
ham,1 in cbe. 2 in chennai.,ham
ham,"1) go to write msg 2) put on dictionary mode 3)cover the screen with hand, 4)press &lt;#&gt; . 5)gently remove ur hand.. its interesting..:)",ham
ham,"1.20 that call cost. which i guess isnt bad. miss ya, need ya, want ya, love ya",ham
ham,5 nights...we nt staying at port step liao...too ex,ham
ham,:),ham
ham,a little. meds say take once every 8 hours. it's only been 5 but pain is back. so i took another. hope i don't die,ham
ham,aathi..where are you dear..,ham
ham,actually i'm waiting for 2 weeks when they start putting ad.,ham
ham,"after my work ah... den 6 plus lor... u workin oso rite... den go orchard lor, no other place to go liao...",ham
ham,"aight text me when you're back at mu and i'll swing by, need somebody to get the door for me",ham
ham,"aight, lemme know what's up",ham
ham,"aight, text me tonight and we'll see what's up",ham
ham,"aight, you close by or still down around alex's place?",ham
ham,aiyah e rain like quite big leh. if drizzling i can at least run home.,ham
ham,aiyah then i wait lor. then u entertain me. hee...,ham
ham,aiyar dun disturb u liao... thk u have lots 2 do aft ur cupboard come...,ham
ham,all sounds good. fingers . makes it difficult to type,ham
ham,all will come alive.better correct any good looking figure there itself..,ham
ham,allo! we have braved the buses and taken on the trains and triumphed. i mean we‘re in b‘ham. have a jolly good rest of week,ham
ham,alright i have a new goal now,ham
ham,"alright omw, gotta change my order to a half8th",ham
ham,alrite jod hows the revision goin? keris bin doin a smidgin. n e way u wanna cum over after college?xx,ham
ham,also andros ice etc etc,ham
ham,also track down any lighters you can find,ham
ham,am okay. will soon be over. all the best,ham
ham,am on the uworld site. am i buying the qbank only or am i buying it with the self assessment also?,ham
ham,am up to my eyes in philosophy,ham
ham,and do you have any one that can teach me how to ship cars.,ham
ham,annoying isn't it.,ham
ham,anything lor but toa payoh got place 2 walk meh...,ham
ham,anytime lor...,ham
ham,ard 6 like dat lor.,ham
ham,are you going to write ccna exam this week??,ham
ham,are you plans with your family set in stone ?,ham
ham,are you wet right now?,ham
ham,are you willing to go for apps class.,ham
ham,arr birthday today:) i wish him to get more oscar.,ham
ham,as in i want custom officer discount oh.,spam
ham,as per your request 'melle melle (oru minnaminunginte nurungu vettam)' has been set as your callertune for all callers. press *9 to copy your friends callertune,ham
ham,as usual u can call me ard 10 smth.,ham
ham,at the funeral home with audrey and dad,ham
ham,"awesome, i remember the last time we got somebody high for the first time with diesel :v",ham
ham,"awesome, lemme know whenever you're around",ham
ham,"awesome, that gonna be soon or later tonight?",ham
ham,awww dat is sweet! we can think of something to do he he! have a nice time tonight ill probably txt u later cos im lonely :( xxx.,ham
ham,babe ! what are you doing ? where are you ? who are you talking to ? do you think of me ? are you being a good boy? are you missing me? do you love me ?,ham
ham,"babe! how goes that day ? what are you up to ? i miss you already, my love ... * loving kiss* ... i hope everything goes well.",ham
ham,babes i think i got ur brolly i left it in english wil bring it in 2mrw 4 u luv franxx,ham
ham,"beautiful tomorrow never comes.. when it comes, it's already today.. in the hunt of beautiful tomorrow don't waste your wonderful today.. goodmorning:)",ham
ham,beautiful truth : expression of the face could be seen by everyone... but the depression of heart could be understood only by the loved ones.. gud ni8;-),ham
ham,becoz its &lt;#&gt; jan whn al the post ofice is in holiday so she cn go fr the post ofice...got it duffer,ham
ham,"better than bb. if he wont use it, his wife will or them doctor",ham
ham,better. made up for friday and stuffed myself like a pig yesterday. now i feel bleh. but at least its not writhing pain kind of bleh.,ham
ham,"bill, as in: are there any letters for me. i’m expecting one from orange that isn’t a bill but may still say orange on it.",ham
ham,blank is blank. but wat is blank? lol,ham
ham,"bloody hell, cant believe you forgot my surname mr . ill give u a clue, its spanish and begins with m...",ham
ham,busy here. trying to finish for new year. i am looking forward to finally meeting you...,ham
ham,but pls dont play in others life.,ham
ham,but your brother transfered only &lt;#&gt; + &lt;#&gt; . pa.,ham
ham,buzzzz! *grins* did i buzz your ass? buzz your chest ? buzz your cock ? where do you keep your phone ? is the vibrator on ? did you feel it shake ?,ham
ham,"call me, i am senthil from hsbc.",ham
ham,can a not?,ham
ham,can i get your opinion on something first?,ham
ham,can i meet ü at 5.. as 4 where depends on where ü wan 2 in lor..,ham
ham,can not use foreign stamps in this country.,spam
ham,can you do a mag meeting this avo at some point?,ham
ham,can you just come in for a sec? there's somebody here i want you to see,ham
ham,can you open the door?,ham
ham,can you pls send me that company name. in saibaba colany,ham
ham,can you use foreign stamps for whatever you send them off for?,ham
ham,cant think of anyone with * spare room off * top of my head,ham
ham,carlos is taking his sweet time as usual so let me know when you and patty are done/want to smoke and i'll tell him to haul ass,ham
ham,check audrey's status right now,ham
ham,check wid corect speling i.e. sarcasm,ham
ham,cheers for the message zogtorius. ive been staring at my phone for an age deciding whether to text or not.,ham
ham,"chile, please! it's only a &lt;decimal&gt; hour drive for me. i come down all the time and will be subletting feb-april for audition season.",ham
ham,"come around &lt;decimal&gt; pm vikky..i'm otside nw, il come by tht time",ham
ham,come to mahal bus stop.. &lt;decimal&gt;,ham
ham,come to medical college at 7pm ......forward it da,ham
ham,company is very good.environment is terrific and food is really nice:),ham
ham,convey my regards to him,ham
ham,cool. i am &lt;#&gt; inches long. hope you like them big!,ham
ham,cool. so how come you havent been wined and dined before?,ham
ham,correct. so how was work today,ham
ham,"daddy, shu shu is looking 4 u... u wan me 2 tell him u're not in singapore or wat?",ham
ham,dai &lt;#&gt; naal eruku.,ham
ham,"dear friends, sorry for the late information. today is the birthday of our loving ar.praveesh. for more details log on to face book and see. its his number + &lt;#&gt; . dont miss a delicious treat.",ham
ham,dear got train and seat mine lower seat,ham
ham,dear i am not denying your words please,ham
ham,dear reached railway. what happen to you,ham
ham,dear we got &lt;#&gt; dollars hi hi,ham
ham,"dear,shall mail tonite.busy in the street,shall update you tonite.things are looking ok.varunnathu edukkukayee raksha ollu.but a good one in real sense.",ham
ham,did either of you have any idea's? do you know of anyplaces doing something?,ham
ham,did u download the fring app?,spam
ham,did u find out what time the bus is at coz i need to sort some stuff out.,ham
ham,did u got that persons story,ham
ham,did you stitch his trouser,ham
ham,dnt worry...use ice pieces in a cloth pack.also take 2 tablets.,ham
ham,do u konw waht is rael friendship im gving yuo an exmpel: jsut ese tihs msg.. evrey splleing of tihs msg is wrnog.. bt sitll yuo can raed it wihtuot ayn mitsake.. goodnight &amp; have a nice sleep..sweet dreams..,ham
ham,"do whatever you want. you know what the rules are. we had a talk earlier this week about what had to start happening, you showing responsibility. yet, every week it's can i bend the rule this way? what about that way? do whatever. i'm tired of having thia same argument with you every week. and a &lt;#&gt; movie doesnt inlude the previews. you're still getting in after 1.",ham
ham,do you hide anythiing or keeping distance from me,ham
ham,do you know when the result.,ham
ham,"do you know why god created gap between your fingers..? so that, one who is made for you comes &amp; fills those gaps by holding your hand with love..!",ham
ham,do you still have the grinder?,ham
ham,does not operate after &lt;#&gt; or what,ham
ham,don't forget though that i love you .... and i walk beside you. watching over you and keeping your heart warm.,ham
ham,dont flatter yourself... tell that man of mine two pints of carlin in ten minutes please....,ham
ham,"dont give a monkeys wot they think and i certainly don't mind. any friend of mine&all that! just don't sleep wiv , that wud be annoyin!",ham
ham,dont know you bring some food,ham
ham,"dont pack what you can buy at any store.like cereals. if you must pack food, pack gari or something 9ja that you will miss.",ham
ham,dont pick up d call when something important is there to tell. hrishi,ham
ham,dont think so. it turns off like randomlly within 5min of opening,ham
ham,dude we should go sup again,ham
ham,dude while were makin those weirdy brownies my sister made awesome cookies. i took pics.,ham
ham,dunno lei shd b driving lor cos i go sch 1 hr oni.,ham
ham,dunno lei... i thk mum lazy to go out... i neva ask her yet...,ham
ham,"dunno, my dad said he coming home 2 bring us out 4 lunch. yup i go w u lor. i call u when i reach school lor...",ham
ham,easy ah?sen got selected means its good..,ham
ham,easy ah?sen got selected means its good..,ham
ham,eh den sat u book e kb liao huh...,ham
ham,either way works for me. i am &lt;#&gt; years old. hope that doesnt bother you.,ham
ham,"em, its olowoyey@ usc.edu have a great time in argentina. not sad about secretary, everything is a blessing",ham
ham,"especially since i talk about boston all up in my personal statement, lol! i woulda changed that if i had realized it said nyc! it says boston now.",ham
ham,"every king was once a crying baby and every great building was once a map.. not imprtant where u r today, but where u wil reach tomorw. gud ni8",ham
ham,everybody had fun this evening. miss you.,ham
ham,"excellent, i'll see what riley's plans are",ham
ham,"fair enough, anything going on?",ham
ham,fine am simply sitting.,ham
ham,for me the love should start with attraction.i should feel that i need her every time around me.she should be the first thing which comes in my thoughts.i would start the day and end it with her.she should be there every time i dream.love will be then when my every breath has her name.my life should happen around her.my life will be named to her.i would cry for her.will give all my happiness and take all her sorrows.i will be ready to fight with anyone for her.i will be in love when i will be doing the craziest things for her.love will be when i don't have to proove anyone that my girl is the most beautiful lady on the whole planet.i will always be singing praises for her.love will be when i start up making chicken curry and end up makiing sambar.life will be the most beautiful then.will get every morning and thank god for the day because she is with me.i would like to say a lot..will tell later..,ham
ham,"fr'ndship is like a needle of a clock. though v r in d same clock, v r nt able 2 met. evn if v meet,itz only 4few seconds. bt v alwys stay conected. gud 9t;-)",ham
ham,"friendship is not a game to play, it is not a word to say, it doesn\\'t start on march and ends on may, it is tomorrow, yesterday, today and e",ham
ham,friendship poem: dear o dear u r not near but i can hear dont get fear live with cheer no more tear u r always my dear. gud ni8,ham
ham,from tomorrow onwards eve 6 to 3 work.,ham
ham,g wants to know where the fuck you are,ham
ham,g.w.r,ham
ham,gd luck 4 ur exams :-),ham
ham,"geeee ... i miss you already, you know ? your all i can think about. fuck, i can't wait till next year when we will be together ... *loving kiss*",ham
ham,genius what's up. how your brother. pls send his number to my skype.,ham
ham,get me out of this dump heap. my mom decided to come to lowes. boring.,ham
ham,get ready to moan and scream :),ham
ham,get ready to put on your excellent sub face :),ham
ham,gibbs unsold.mike hussey,ham
ham,go where n buy? juz buy when we get there lar.,ham
ham,god's love has no limit. god's grace has no measure. god's power has no boundaries. may u have god's endless blessings always in ur life...!! gud ni8,ham
ham,going for dinner.msg you after.,ham
ham,going to join tomorrow.,ham
ham,good afternoon starshine! how's my boytoy? does he crave me yet? ache to fuck me ? *sips cappuccino* i miss you babe *teasing kiss*,ham
ham,"good afternoon, my boytoy ... how are you feeling today ? better i hope? are you being my good boy? are you my obedient, slave? do you please your queen?",ham
ham,"good afternoon, my love ... how goes your day ? how did you sleep ? i hope your well, my boytoy ... i think of you ...",ham
ham,"good friends care for each other.. close friends understand each other... and true friends stay forever beyond words, beyond time. gud ni8",ham
ham,good morning plz call me sir,ham
ham,good morning pookie pie! lol hope i didn't wake u up,ham
ham,"good morning, im suffering from fever and dysentry ..will not be able to come to office today.",ham
ham,"good stuff, will do.",ham
ham,good words.... but words may leave u in dismay many times.,ham
ham,good. good job. i like entrepreneurs,ham
ham,good. no swimsuit allowed :),ham
ham,"goodmorning, today i am late for &lt;decimal&gt; min.",ham
ham,got smaller capacity one? quite ex...,ham
ham,great! i have to run now so ttyl!,ham
ham,great! i shoot big loads so get ready!,ham
ham,great. i was getting worried about you. just know that a wonderful and caring person like you will have only the best in life. know that u r wonderful and god's love is yours.,ham
ham,"great. i'm in church now, will holla when i get out",ham
ham,gud ni8 dear..slp well..take care..swt dreams..muah..,ham
ham,gud ni8 dear..slp well..take care..swt dreams..muah..,ham
ham,gudnite....tc...practice going on,ham
ham,guess which pub im in? im as happy as a pig in clover or whatever the saying is!,ham
ham,ha! i wouldn't say that i just didn't read anything into way u seemed. i don't like 2 be judgemental....i save that for fridays in the pub!,ham
ham,"ha. you don‘t know either. i did a a clever but simple thing with pears the other day, perfect for christmas.",ham
ham,ha... both of us doing e same thing. but i got tv 2 watch. u can thk of where 2 go tonight or u already haf smth in mind...,ham
ham,ha... then we must walk to everywhere... cannot take tram. my cousin said can walk to vic market from our hotel,ham
ham,"had the money issue weigh me down but thanks to you, i can breathe easier now. i.ll make sure you dont regret it. thanks.",ham
ham,haf u found him? i feel so stupid da v cam was working.,ham
ham,"haha awesome, i've been to 4u a couple times. who all's coming?",ham
ham,"haha figures, well i found the piece and priscilla's bowl",ham
ham,"haha get used to driving to usf man, i know a lot of stoners",ham
ham,haha mayb u're rite... u know me well. da feeling of being liked by someone is gd lor. u faster go find one then all gals in our group attached liao.,ham
ham,haha okay... today weekend leh...,ham
ham,"haha yeah, 2 oz is kind of a shitload",ham
ham,hai priya are you right. what doctor said pa. where are you.,ham
ham,hanks lotsly!,spam
ham,happy birthday to you....dear.with lots of love.rakhesh nri,ham
ham,"have a lovely night and when you wake up to see this message, i hope you smile knowing all is as should be. have a great morning",ham
ham,have got * few things to do. may be in * pub later.,ham
ham,he is world famamus....,ham
ham,he like not v shock leh. cos telling shuhui is like telling leona also. like dat almost all know liao. he got ask me abt ur reaction lor.,ham
ham,he remains a bro amongst bros,ham
ham,he says hi and to get your ass back to south tampa (preferably at a kegger),ham
ham,he says hi and to get your ass back to south tampa (preferably at a kegger),ham
ham,he's an adult and would learn from the experience. there's no real danger. i just dont like peeps using drugs they dont need. but no comment,ham
ham,headin towards busetop,ham
ham,heart is empty without love.. mind is empty without wisdom.. eyes r empty without dreams &amp; life is empty without frnds.. so alwys be in touch. good night &amp; sweet dreams,ham
ham,"hello baby, did you get back to your mom's ? are you setting up the computer now ? filling your belly ? how goes it loverboy ? i miss you already ... *sighs*",ham
ham,hello boytoy ! geeee ... i'm missing you today. i like to send you a tm and remind you i'm thinking of you ... and you are loved ... *loving kiss*,ham
ham,hello darlin ive finished college now so txt me when u finish if u can love kate xxx,ham
ham,hello handsome ! are you finding that job ? not being lazy ? working towards getting back that net for mummy ? where's my boytoy now ? does he miss me ?,ham
ham,"hello, my love ! how went your day ? are you alright ? i think of you, my sweet and send a jolt to your heart to remind you ... i love you! can you hear it ? i screamed it across the sea for all the world to hear. ahmad al hallaq is loved ! and owned ! *possessive passionate kiss*",ham
ham,"hello, my love. what are you doing? did you get to that interview today? are you you happy? are you being a good boy? do you think of me?are you missing me ?",ham
ham,"hello. no news on job, they are making me wait a fifth week! yeah im up for some woozles and weasels... in exeter still, but be home about 3.",ham
ham,hey are you angry with me. reply me dr.,ham
ham,hey happy birthday...,ham
ham,hey i've booked the pilates and yoga lesson already... haha,ham
ham,hey leave it. not a big deal:-) take care.,ham
ham,hey loverboy! i love you !! i had to tell ... i look at your picture and ache to feel you between my legs ... fuck i want you ... i need you ... i crave you .,ham
ham,hey now am free you can call me.,ham
ham,hey so whats the plan this sat?,ham
ham,"hey there! glad u r better now. i hear u treated urself to a digi cam, is it good? we r off at 9pm. have a fab new year, c u in coupla wks!",ham
ham,hey u still at the gym?,ham
ham,"hey, can you tell me blake's address? carlos wanted me to meet him there but i got lost and he's not answering his phone",ham
ham,hey. for me there is no leave on friday. wait i will ask my superior and tell you..,ham
ham,"hey. what happened? u switch off ur cell d whole day. this isnt good. now if u do care, give me a call tomorrow.",ham
ham,hey... are you going to quit soon? xuhui and i working till end of the month,ham
ham,"hey...great deal...farm tour 9am to 5pm $95/pax, $50 deposit by 16 may",spam
ham,"hi , where are you? we're at and they're not keen to go out i kind of am but feel i shouldn't so can we go out tomo, don't mind do you?",ham
ham,hi darlin i hope you had a nice night i wish i had come cant wait to see you love fran ps i want dirty anal sex and i want a 10 man gang bang,ham
ham,hi darlin im missin u hope you are having a good time. when are u back and what time if u can give me a call at home. jess xx,ham
ham,hi darlin its kate are u up for doin somethin tonight? im going to a pub called the swan or something with my parents for one drink so phone me if u can,ham
ham,hi dear call me its urgnt. i don't know whats your problem. you don't want to work or if you have any other problem at least tell me. wating for your reply.,ham
ham,hi good mornin.. thanku wish u d same..,ham
ham,hi mate its rv did u hav a nice hol just a message 3 say hello coz havent sent u 1 in ages started driving so stay off roads!rvx,ham
ham,hi mom we might be back later than &lt;#&gt;,ham
ham,hi my email address has changed now it is,ham
ham,hi neva worry bout da truth coz the truth will lead me 2 ur heart. its the least a unique person like u deserve. sleep tight or morning,ham
ham,hi princess! thank you for the pics. you are very pretty. how are you?,ham
ham,"hi, my love! how goes that day? fuck, this morning i woke and dropped my cell on the way down the stairs but it seems alright ... *phews* i miss you !",ham
ham,"hi, wkend ok but journey terrible. wk not good as have huge back log of marking to do",ham
ham,hi. i'm sorry i missed your call. can you pls call back.,ham
ham,his bday real is in april .,ham
ham,"hmm ok, i'll stay for like an hour cos my eye is really sore!",ham
ham,hmm...bad news...hype park plaza $700 studio taken...only left 2 bedrm-$900...,ham
ham,"hmmm.... mayb can try e shoppin area one, but forgot e name of hotel...",ham
ham,hmmm...k...but i want to change the field quickly da:-)i wanna get system administrator or network administrator..,ham
ham,"honeybee said: *i'm d sweetest in d world* god laughed &amp; said: *wait,u havnt met d person reading this msg* moral: even god can crack jokes! gm+gn+ge+gn:)",ham
ham,"honeybee said: *i'm d sweetest in d world* god laughed &amp; said: *wait,u havnt met d person reading this msg* moral: even god can crack jokes! gm+gn+ge+gn:)",ham
ham,how are you babes. hope your doing ok. i had a shit nights sleep. i fell asleep at 5.im knackered and im dreading work tonight. what are thou upto tonight. x,ham
ham,how are you with money...as in to you...money aint a thing....how are you sha!,ham
ham,how are you? i miss you!,ham
ham,how come u got nothing to do?,ham
ham,how did you find out in a way that didn't include all of these details,ham
ham,how i noe... did ü specify da domain as nusstu... ü still in sch...,ham
ham,how long does applebees fucking take,ham
ham,how much for an eighth?,ham
ham,how much it will cost approx . per month.,spam
ham,how's it feel? mr. your not my real valentine just my yo valentine even tho u hardly play!!,ham
ham,"how's my loverboy doing ? what does he do that keeps him from coming to his queen, hmmm ? doesn't he ache to speak to me ? miss me desparately ?",ham
ham,how's ur paper?,ham
ham,hows that watch resizing,ham
ham,hows the pain dear?y r u smiling?,ham
ham,howz pain?hope u r fine..,ham
ham,howz that persons story,ham
ham,huh i cant thk of more oredi how many pages do we have?,ham
ham,huh so slow i tot u reach long ago liao... u 2 more days only i 4 more leh...,ham
ham,huh y lei...,ham
ham,hui xin is in da lib.,ham
ham,i (career tel) have added u as a contact on indyarocks.com to send free sms. to remove from phonebook - sms no to &lt;#&gt;,ham
ham,i absolutely love south park! i only recently started watching the office.,ham
ham,i accidentally brought em home in the box,ham
ham,i accidentally deleted the message. resend please.,ham
ham,i am in escape theatre now. . going to watch kavalan in a few minutes,ham
ham,i am in office:)whats the matter..msg me now.i will call you at break:).,ham
ham,i am in tirupur. call you da.,ham
ham,i am not having her number sir,ham
ham,i am seeking a lady in the street and a freak in the sheets. is that you?,ham
ham,i am waiting for your call sir.,ham
ham,"i av a new number, . wil u only use this one,ta.",ham
ham,i borrow ur bag ok.,ham
ham,i can ask around but there's not a lot in terms of mids up here,ham
ham,i can take you at like noon,ham
ham,i can't believe how attached i am to seeing you every day. i know you will do the best you can to get to me babe. i will go to teach my class at your midnight,ham
ham,"i can't speak, bcaz mobile have problem. i can listen you but you cann't listen my voice. so i calls you later.",ham
ham,i cant pick the phone right now. pls send a message,ham
ham,i don't know jack shit about anything or i'd say/ask something helpful but if you want you can pretend that i did and just text me whatever in response to the hypotheticalhuagauahahuagahyuhagga,ham
ham,i don't run away frm u... i walk slowly &amp; it kills me that u don't care enough to stop me...,ham
ham,"i don't think i can get away for a trek that long with family in town, sorry",ham
ham,i don't want you to leave. but i'm barely doing what i can to stay sane. fighting with you constantly isn't helping.,ham
ham,i dont have any of your file in my bag..i was in work when you called me.i 'll tell you if i find anything in my room.,ham
ham,i dont know why she.s not getting your messages,ham
ham,"i dont knw pa, i just drink milk..",ham
ham,i dunno they close oredi not... ü v ma fan...,ham
ham,"i got another job! the one at the hospital doing data analysis or something, starts on monday! not sure when my thesis will got finished",ham
ham,i got your back! do you have any dislikes in bed?,ham
ham,i had askd u a question some hours before. its answer,ham
ham,i have 2 docs appointments next week.:/ i'm tired of them shoving stuff up me. ugh why couldn't i have had a normal body?,ham
ham,i have a date on sunday with will!!,ham
ham,i have a rather prominent bite mark on my right cheek,ham
ham,i have lost 10 kilos as of today!,ham
ham,i have printed it oh. so &lt;#&gt; come upstairs,ham
ham,i have to take exam with in march 3,ham
ham,i havent add ü yet right..,ham
ham,i hope your pee burns tonite.,ham
ham,i jokin oni lar.. ü busy then i wun disturb ü.,ham
ham,i just saw ron burgundy captaining a party boat so yeah,ham
ham,i knew it... u slept v late yest? wake up so late...,ham
ham,i know but you need to get hotel now. i just got my invitation but i had to apologise. cali is to sweet for me to come to some english bloke's weddin,ham
ham,i know that my friend already told that.,ham
ham,i like cheap! but i‘m happy to splash out on the wine if it makes you feel better..,ham
ham,i like you peoples very much:) but am very shy pa.,ham
ham,i love u 2 babe! r u sure everything is alrite. is he being an idiot? txt bak girlie,ham
ham,i love u 2 my little pocy bell i am sorry but i love u,ham
ham,"i love you !!! you know? can you feel it? does it make your belly warm? i wish it does, my love ... i shall meet you in your dreams, ahmad ... *adoring kiss*",ham
ham,i love you both too :-),ham
ham,"i met you as a stranger and choose you as my friend. as long as the world stands, our friendship never ends. lets be friends forever!!! gud nitz...",ham
ham,i miss you so much i'm so desparate i have recorded the message you left for me the other day and listen to it just to hear the sound of your voice. i love you,ham
ham,i not busy juz dun wan 2 go so early.. hee..,ham
ham,i plane to give on this month end.,ham
ham,"i promise to take good care of you, princess. i have to run now. please send pics when you get a chance. ttyl!",ham
ham,i really need 2 kiss u i miss u my baby from ur baby 4eva,ham
ham,i said its okay. sorry,ham
ham,i sent lanre fakeye's eckankar details to the mail box,ham
ham,i sent them. do you like?,ham
ham,i sent them. do you like?,ham
ham,i taught that ranjith sir called me. so only i sms like that. becaus hes verifying about project. prabu told today so only pa dont mistake me..,ham
ham,i think chennai well settled?,ham
ham,i think i am disturbing her da,ham
ham,"i think i‘m waiting for the same bus! inform me when you get there, if you ever get there.",ham
ham,i think you should go the honesty road. call the bank tomorrow. its the tough decisions that make us great people.,ham
ham,i thk 530 lor. but dunno can get tickets a not. wat u doing now?,ham
ham,i thought slide is enough.,ham
ham,i tot u reach liao. he said t-shirt.,ham
ham,i wait 4 ü inside da car park...,ham
ham,i wan but too early lei... me outside now wun b home so early... neva mind then...,ham
ham,i want kfc its tuesday. only buy 2 meals only 2. no gravy. only 2 mark. 2!,ham
ham,i want to go to perumbavoor,ham
ham,i want to see your pretty pussy...,ham
ham,i was at bugis juz now wat... but now i'm walking home oredi... ü so late then reply... i oso saw a top dat i like but din buy... where r ü now?,ham
ham,i was gonna ask you lol but i think its at 7,ham
ham,i wil be there with in &lt;#&gt; minutes. got any space,ham
ham,i will cal you sir. in meeting,ham
ham,i will cme i want to go to hos 2morow. after that i wil cme. this what i got from her dear what to do. she didnt say any time,ham
ham,i will once i get home,ham
ham,i will reach ur home in &lt;#&gt; minutes,ham
ham,i will send them to your email. do you mind &lt;#&gt; times per night?,ham
ham,i wnt to buy a bmw car urgently..its vry urgent.but hv a shortage of &lt;#&gt; lacs.there is no source to arng dis amt. &lt;#&gt; lacs..thats my prob,ham
ham,i wnt to buy a bmw car urgently..its vry urgent.but hv a shortage of &lt;#&gt; lacs.there is no source to arng dis amt. &lt;#&gt; lacs..thats my prob,ham
ham,"i'm a guy, browsin is compulsory",ham
ham,i'm at work. please call,ham
ham,"i'm back, lemme know when you're ready",ham
ham,"i'm done. i'm sorry. i hope your next space gives you everything you want. remember all the furniture is yours. if i'm not around when you move it, just lock all the locks and leave the key with jenne.",ham
ham,i'm going 4 lunch now wif my family then aft dat i go str 2 orchard lor.,ham
ham,i'm gonna rip out my uterus.,ham
ham,i'm good. have you registered to vote?,ham
ham,"i'm home, my love ... if your still awake ... *loving kiss*",ham
ham,i'm hungry buy smth home...,ham
ham,"i'm in a meeting, call me later at",ham
ham,i'm in chennai velachery:),ham
ham,"i'm in solihull, | do you want anything?",ham
ham,"i'm outside islands, head towards hard rock and you'll run into me",ham
ham,i'm serious. you are in the money base,ham
ham,i'm still looking for a car to buy. and have not gone 4the driving test yet.,ham
ham,i'm stuck in da middle of da row on da right hand side of da lt...,ham
ham,i'm turning off my phone. my moms telling everyone i have cancer. and my sister won't stop calling. it hurts to talk. can't put up with it. see u when u get home. love u,ham
ham,i've been barred from all b and q stores for life!?this twat in orange dungerees came up to me and asked if i wanted decking? so i got the first punch in!!,ham
ham,"i've got &lt;#&gt; , any way i could pick up?",ham
ham,i've reached already.,ham
ham,i've sent my wife your text. after we buy them she'll tell you what to do. so just relax. we should go get them this wkend.,ham
ham,ic. there are a lotta childporn cars then.,ham
ham,idk. i'm sitting here in a stop and shop parking lot right now bawling my eyes out because i feel like i'm a failure in everything. nobody wants me and now i feel like i'm failing you.,ham
ham,if you are not coughing then its nothing,ham
ham,if you aren't here in the next &lt;#&gt; hours imma flip my shit,ham
ham,"if you can make it any time tonight or whenever you can it's cool, just text me whenever you're around",ham
ham,if you don't respond imma assume you're still asleep and imma start calling n shit,ham
ham,if you have belive me. come to my home.,ham
ham,if you still havent collected the dough pls let me know so i can go to the place i sent it to get the control number,ham
ham,if you text on your way to cup stop that should work. and that should be bus,ham
ham,im realy soz imat my mums 2nite what about 2moro,ham
ham,"imagine you finally get to sink into that bath after i have put you through your paces, maybe even having you eat me for a while before i left ... but also imagine the feel of that cage on your cock surrounded by the bath water, reminding you always who owns you ... enjoy, my cuck",ham
ham,in life when you face choices just toss a coin not becoz its settle the question but while the coin in the air u will know what your heart is hoping for. gudni8,ham
ham,india have to take lead:),ham
ham,is that seriously how you spell his name?,ham
ham,is ur paper today in e morn or aft?,ham
ham,it didnt work again oh. ok goodnight then. i.ll fix and have it ready by the time you wake up. you are very dearly missed have a good night sleep.,ham
ham,it means u could not keep ur words.,ham
ham,"it's not that you make me cry. it's just that when all our stuff happens on top of everything else, it pushes me over the edge. you don't underdtand how often i cry over my sorry, sorry life.",ham
ham,"it's ok, at least armand's still around",ham
ham,"it,,s a taxt massage....tie-pos argh ok! lool!",ham
ham,its a part of checking iq,ham
ham,its a valentine game. . . send dis msg to all ur friends. . if 5 answers r d same then someone really loves u. . ques- which colour suits me the best?,ham
ham,"its good, we'll find a way",ham
ham,"its ok chikku, and its my 1 of favourite song..:-)",ham
ham,"its ok, if anybody asks abt me, u tel them..:-p",ham
ham,its sunny in california. the weather's just cool,ham
ham,"it‘s reassuring, in this crazy world.",ham
ham,"jay told me already, will do",ham
ham,jesus armand really is trying to tell everybody he can find,ham
ham,"jolly good! by the way, will give u tickets for sat eve 7.30. speak before then x",ham
ham,joy's father is john. then john is the name of joy's father. mandan,ham
ham,jus ans me lar. u'll noe later.,ham
ham,jus finish my lunch on my way home lor... i tot u dun wan 2 stay in sch today...,ham
ham,jus finish watching tv... u?,ham
ham,just checking in on you. really do miss seeing jeremiah. do have a great month,ham
ham,just do what ever is easier for you,ham
ham,"just making dinner, you ?",ham
ham,just normal only here :),ham
ham,just now saw your message.it k da:),ham
ham,just sing hu. i think its also important to find someone female that know the place well preferably a citizen that is also smart to help you navigate through. even things like choosing a phone plan require guidance. when in doubt ask especially girls.,ham
ham,just sleeping..and surfing,ham
ham,"just so that you know,yetunde hasn't sent money yet. i just sent her a text not to bother sending. so its over, you dont have to involve yourself in anything. i shouldn't have imposed anything on you in the first place so for that, i apologise.",ham
ham,juz go google n search 4 qet...,ham
ham,juz now havent woke up so a bit blur blur... can? dad went out liao... i cant cum now oso...,ham
ham,k come to nordstrom when you're done,ham
ham,"k give me a sec, breaking a &lt;#&gt; at cstore",ham
ham,k go and sleep well. take rest:-).,ham
ham,k i'll be sure to get up before noon and see what's what,ham
ham,k i'll call you when i'm close,ham
ham,"k i'll head out in a few mins, see you there",ham
ham,"k i'm leaving soon, be there a little after 9",ham
ham,k ill drink.pa then what doing. i need srs model pls send it to my mail id pa.,ham
ham,k k:) sms chat with me.,ham
ham,k tell me anything about you.,ham
ham,"k, fyi i'm back in my parents' place in south tampa so i might need to do the deal somewhere else",ham
ham,"k, if u bored up just come to my home..",ham
ham,"k, makes sense, btw carlos is being difficult so you guys are gonna smoke while i go pick up the second batch and get gas",ham
ham,k. i will sent it again,ham
ham,k...k...when will you give treat?,ham
ham,k..k..any special today?,ham
ham,k..k..i'm also fine:)when will you complete the course?,ham
ham,k..k.:)congratulation ..,ham
ham,k:)k:)what are detail you want to transfer?acc no enough?,ham
ham,kallis is ready for bat in 2nd innings,ham
ham,"kind of. just missed train cos of asthma attack, nxt one in half hr so driving in. not sure where to park.",ham
ham,kind of. took it to garage. centre part of exhaust needs replacing. part ordered n taking it to be fixed tomo morning.,ham
ham,kinda. first one gets in at twelve! aah. speak tomo,ham
ham,lara said she can loan me &lt;#&gt; .,ham
ham,leave it wif me lar... ü wan to carry meh so heavy... is da num 98321561 familiar to ü?,ham
ham,"lets use it next week, princess :)",ham
ham,"life is more strict than teacher... bcoz teacher teaches lesson &amp; then conducts exam, but life first conducts exam &amp; then teaches lessons. happy morning. . .",ham
ham,"living is very simple.. loving is also simple.. laughing is too simple.. winning is tooo simple.. but, being 'simple' is very difficult...;-) :-)",ham
ham,lmao but its so fun...,ham
ham,"lol .. *grins* .. i'm not babe, but thanks for thinking of me!",ham
ham,lol i have to take it. member how i said my aunt flow didn't visit for 6 months? it's cause i developed ovarian cysts. bc is the only way to shrink them.,ham
ham,lol no. just trying to make your day a little more interesting,ham
ham,lol no. u can trust me.,ham
ham,lol now i'm after that hot air balloon!,ham
ham,lol that would be awesome payback.,ham
ham,lol they were mad at first but then they woke up and gave in.,ham
ham,lol yes. but it will add some spice to your day.,ham
ham,lol your right. what diet? everyday i cheat anyway. i'm meant to be a fatty :(,ham
ham,"lol, oh you got a friend for the dog ?",ham
ham,long after i quit. i get on only like 5 minutes a day as it is.,ham
ham,long beach lor. expected... u having dinner now?,ham
ham,love you aathi..love u lot..,ham
ham,"madam,regret disturbance.might receive a reference check from dlf premarica.kindly be informed.rgds,rakhesh,kerala.",ham
ham,make sure alex knows his birthday is over in fifteen minutes as far as you're concerned,ham
ham,make that 3! 4 fucks sake?! x,ham
ham,many times we lose our best ones bcoz we are,ham
ham,mark works tomorrow. he gets out at 5. his work is by your house so he can meet u afterwards.,ham
ham,mathews or tait or edwards or anderson,ham
ham,maybe i could get book out tomo then return it immediately ..? or something.,ham
ham,me fine..absolutly fine,ham
ham,me sef dey laugh you. meanwhile how's my darling anjie!,ham
ham,me too baby! i promise to treat you well! i bet you will take good care of me...,ham
ham,meet after lunch la...,ham
ham,meet you in corporation st outside gap … you can see how my mind is working!,ham
ham,"men always needs a beautiful, intelligent, caring, loving, adjustable, cooperative wife. but the law allows only one wife....",ham
ham,message:some text missing* sender:name missing* *number missing *sent:date missing *missing u a lot thats y everything is missing sent via fullonsms.com,ham
ham,mind blastin.. no more tsunamis will occur from now on.. rajnikant stopped swimming in indian ocean..:-d,ham
ham,mine here like all fr china then so noisy.,ham
ham,miserable. they don't tell u that the side effects of birth control are massive gut wrenching cramps for the first 2 months. i didn't sleep at all last night.,ham
ham,misplaced your number and was sending texts to your old number. wondering why i've not heard from you this year. all the best in your mcat. got this number from my atlanta friends,ham
ham,missed your call cause i was yelling at scrappy. miss u. can't wait for u to come home. i'm so lonely today.,ham
ham,mm feeling sleepy. today itself i shall get that dear,ham
ham,mm have some kanji dont eat anything heavy ok,ham
ham,mm you ask him to come its enough :-),ham
ham,mmm thats better now i got a roast down me! id b better if i had a few drinks down me 2! good indian?,ham
ham,mmmm ... fuck ... not fair ! you know my weaknesses ! *grins* *pushes you to your knee's* *exposes my belly and pulls your head to it* don't forget ... i know yours too *wicked smile*,ham
ham,"mmmmmm ... i love you,so much, ahmad ... i can't wait for this year to begin as every second takes me closer to being at your side. happy new year, my love!!",ham
ham,mode men or have you left.,ham
ham,"mon okie lor... haha, best is cheap n gd food la, ex oso okie... depends on whether wana eat western or chinese food... den which u prefer...",ham
ham,"moon has come to color your dreams, stars to make them musical and my sms to give you warm and peaceful sleep. good night",ham
ham,msg me when rajini comes.,ham
ham,my ex-wife was not able to have kids. do you want kids one day?,ham
ham,"my friend, she's studying at warwick, we've planned to go shopping and to concert tmw, but it may be canceled, havn't seen for ages, yeah we should get together sometime!",ham
ham,my love ! how come it took you so long to leave for zaher's? i got your words on ym and was happy to see them but was sad you had left. i miss you,ham
ham,my new years eve was ok. i went to a party with my boyfriend. who is this si then hey,ham
ham,"my parents, my kidz, my friends n my colleagues. all screaming.. surprise !! and i was waiting on the sofa.. ... ..... ' naked...!",ham
ham,my sis is catching e show in e afternoon so i'm not watching w her. so c u wan 2 watch today or tmr lor.,ham
ham,my stomach has been thru so much trauma i swear i just can't eat. i better lose weight.,ham
ham,my uncles in atlanta. wish you guys a great semester.,ham
ham,need a coffee run tomo?can't believe it's that time of week already,ham
ham,networking job is there.,ham
ham,"new theory: argument wins d situation, but loses the person. so dont argue with ur friends just.. . . . kick them &amp; say, i'm always correct.!",ham
ham,"night has ended for another day, morning has come in a special way. may you smile like the sunny rays and leaves your worries at the blue blue bay. gud mrng",ham
ham,"night night, see you tomorrow",ham
ham,no break time one... how... i come out n get my stuff fr ü?,ham
ham,no calls..messages..missed calls,spam
ham,no de. but call me after some time. ill tell you k,ham
ham,no did you check? i got his detailed message now,ham
ham,no drama pls.i have had enough from you and family while i am struggling in the hot sun in a strange place.no reason why there should be an ego of not going 'if not invited' when actually its necessity to go.wait for very serious reppurcussions.,ham
ham,no gifts!! you trying to get me to throw myself off a cliff or something?,ham
ham,no it's waiting in e car dat's bored wat. cos wait outside got nothing 2 do. at home can do my stuff or watch tv wat.,ham
ham,no message..no responce..what happend?,ham
ham,no need lar i go engin? cos my sis at arts today...,ham
ham,no need lar. jus testing e phone card. dunno network not gd i thk. me waiting 4 my sis 2 finish bathing so i can bathe. dun disturb u liao u cleaning ur room.,ham
ham,no problem baby. is this is a good time to talk? i called and left a message.,ham
ham,no she didnt. i will search online and let you know.,ham
ham,no that just means you have a fat head,ham
ham,no way i'm going back there!,ham
ham,no we sell it all so we'll have tons if coins. then sell our coins to someone thru paypal. voila! money back in life pockets:),ham
ham,"no, i decided that only people who care about stuff vote and caring about stuff is for losers",ham
ham,no. did you multimedia message them or e-mail?,ham
ham,no. she's currently in scotland for that.,spam
ham,no. yes please. been swimming?,spam
ham,no..few hours before.went to hair cut .,ham
ham,no..he joined today itself.,ham
ham,nooooooo i'm gonna be bored to death all day. cable and internet outage.,ham
ham,"nope, i'm still in the market",ham
ham,not course. only maths one day one chapter with in one month we can finish.,ham
ham,"not much, just some textin'. how bout you?",ham
ham,not sure i have the stomach for it ...,ham
ham,nothing will ever be easy. but don't be looking for a reason not to take a risk on life and love,ham
ham,nothing. can...,ham
ham,now project pa. after that only i can come.,ham
ham,"now, whats your house # again ? and do you have any beer there ?",ham
ham,nvm it's ok...,ham
ham,nvm... i'm going to wear my sport shoes anyway... i'm going to be late leh.,ham
ham,o shore are you takin the bus,ham
ham,o. well uv causes mutations. sunscreen is like essential thesedays,ham
ham,ofcourse i also upload some songs,ham
ham,oh :-)only 4 outside players allowed to play know,ham
ham,oh all have to come ah?,ham
ham,oh did you charge camera,spam
ham,oh god..taken the teeth?is it paining,ham
ham,oh ho. is this the first time u use these type of words,ham
ham,oh is it! which brand?,spam
ham,oh is it? send me the address,ham
ham,oh just getting even with u.... u?,ham
ham,oh k. . i will come tomorrow,ham
ham,oh unintentionally not bad timing. great. fingers the trains play along! will give fifteen min warning.,ham
ham,oh wow thats gay. will firmware update help,spam
ham,oh yah... we never cancel leh... haha,ham
ham,"oh yes, why is it like torture watching england?",ham
ham,"oh, then your phone phoned me but it disconnected",ham
ham,oh... lk tt den we take e one tt ends at cine lor... dun wan yogasana oso can...,ham
ham,ok,ham
ham,ok . . now i am in bus. . if i come soon i will come otherwise tomorrow,ham
ham,ok anyway no need to change with what you said,ham
ham,ok both our days. so what are you making for dinner tonite? am i invited?,ham
ham,ok darlin i supose it was ok i just worry too much.i have to do some film stuff my mate and then have to babysit again! but you can call me there.xx,ham
ham,ok i found dis pierre cardin one which looks normal costs 20 its on sale.,ham
ham,ok i go change also...,ham
ham,ok i juz receive..,ham
ham,ok i msg u b4 i leave my house.,ham
ham,ok i shall talk to him,ham
ham,ok ill send you with in &lt;decimal&gt; ok.,ham
ham,ok k..sry i knw 2 siva..tats y i askd..,ham
ham,ok lor. anyway i thk we cant get tickets now cos like quite late already. u wan 2 go look 4 ur frens a not? darren is wif them now...,ham
ham,ok lor...,ham
ham,ok no problem... yup i'm going to sch at 4 if i rem correctly...,ham
ham,"ok omw now, you at castor?",ham
ham,ok then i'll let him noe later n ask him call u tmr...,ham
ham,ok u can take me shopping when u get paid =d,ham
ham,ok which your another number,ham
ham,ok.,ham
ham,ok. every night take a warm bath drink a cup of milk and you'll see a work of magic. you still need to loose weight. just so that you know,ham
ham,ok. how many should i buy.,ham
ham,ok. so april. cant wait,ham
ham,ok. very good. its all about making that money.,ham
ham,ok...,ham
ham,ok...,ham
ham,ok... take ur time n enjoy ur dinner...,ham
ham,ok... thanx... gd nite 2 ü too...,ham
ham,okay but i thought you were the expert,ham
ham,okie,ham
ham,okie ü wan meet at bishan? cos me at bishan now. i'm not driving today.,ham
ham,okie...,ham
ham,omg you can make a wedding chapel in frontierville? why do they get all the good stuff?,ham
ham,on a tuesday night r u 4 real,ham
ham,on the way to office da..,ham
ham,one of the joys in lifeis waking up each daywith thoughts that somewheresomeone cares enough tosend a warm morning greeting.. -,ham
ham,oooh bed ridden ey? what are you thinking of?,ham
ham,"oops - am at my mum's in somerset... bit far! back tomo, see you soon x",ham
ham,oops i thk i dun haf enuff... i go check then tell ü..,ham
ham,oops sorry. just to check that you don't mind picking me up tomo at half eight from station. would that be ok?,ham
ham,"oops, i'll let you know when my roommate's done",ham
ham,or better still can you catch her and let ask her if she can sell &lt;#&gt; for me.,ham
ham,package all your programs well,ham
ham,"party's at my place at usf, no charge (but if you can contribute in any way it is greatly appreciated) and yeah, we got room for one more",ham
ham,"perhaps * is much easy give your account identification, so i will tomorrow at uni",ham
ham,"pete,is this your phone still? its jenny from college and leanne.what are you up to now?:)",ham
ham,please ask mummy to call father,ham
ham,please tell me not all of my car keys are in your purse,ham
ham,please tell me you have some of that special stock you were talking about,ham
ham,pls accept me for one day. or am begging you change the number.,ham
ham,pls call me da. what happen.,ham
ham,pls dont restrict her from eating anythin she likes for the next two days.,ham
ham,pls go ahead with watts. i just wanted to be sure. do have a great weekend. abiola,ham
ham,pls go there today &lt;#&gt; . i dont want any excuses,ham
ham,pls send me your address sir.,ham
ham,pls she needs to dat slowly or she will vomit more.,ham
ham,prabha..i'm soryda..realy..frm heart i'm sory,ham
ham,"probably gonna be here for a while, see you later tonight &lt;)",ham
ham,prof: you have passed in all the papers in this sem congrats . . . . student: enna kalaachutaarama..!! prof:???? gud mrng!,ham
ham,purity of friendship between two is not about smiling after reading the forwarded message..its about smiling just by seeing the name. gud evng,ham
ham,purity of friendship between two is not about smiling after reading the forwarded message..its about smiling just by seeing the name. gud evng musthu,ham
ham,que pases un buen tiempo or something like that,ham
ham,r u &sam p in eachother. if we meet we can go 2 my house,ham
ham,r u in this continent?,ham
ham,r u meeting da ge at nite tmr?,ham
ham,r ü going 4 today's meeting?,ham
ham,re your call; you didn't see my facebook huh?,ham
ham,really dun bluff me leh... u sleep early too. nite...,ham
ham,really... i tot ur paper ended long ago... but wat u copied jus now got use? u happy lar... i still haf 2 study :-(,ham
ham,realy sorry-i don't recognise this number and am now confused :) who r u please?!,ham
ham,"received, understood n acted upon!",ham
ham,reckon need to be in town by eightish to walk from * carpark.,ham
ham,reverse is cheating. that is not mathematics.,ham
ham,roger that. we‘re probably going to rem in about 20,ham
ham,"rose for red,red for blood,blood for heart,heart for u. but u for me.... send tis to all ur friends.. including me.. if u like me.. if u get back, 1-u r poor in relation! 2-u need some 1 to support 3-u r frnd 2 many 4-some1 luvs u 5+- some1 is praying god to marry u.:-) try it....",ham
ham,s but mostly not like that.,ham
ham,s....s...india going to draw the series after many years in south african soil..,ham
ham,s.i think he is waste for rr..,ham
ham,s.i'm watching it in live..,ham
ham,s:)8 min to go for lunch:),ham
ham,s:-)if we have one good partnership going we will take lead:),ham
ham,sad story of a man - last week was my b'day. my wife did'nt wish me. my parents forgot n so did my kids . i went to work. even my colleagues did not wish.,ham
ham,"sad story of a man - last week was my b'day. my wife did'nt wish me. my parents forgot n so did my kids . i went to work. even my colleagues did not wish. as i entered my cabin my pa said, '' happy b'day boss !!''. i felt special. she askd me 4 lunch. after lunch she invited me to her apartment. we went there. she said,'' do u mind if i go into the bedroom for a minute ? '' ''ok'', i sed in a sexy mood. she came out 5 minuts latr wid a cake...n my wife, my parents, my kidz, my friends n my colleagues. all screaming.. surprise !! and i was waiting on the sofa.. ... ..... ' naked...!",ham
ham,sary just need tim in the bollox &it hurt him a lot so he tol me!,ham
ham,"say this slowly.? god,i love you &amp; i need you,clean my heart with your blood.send this to ten special people &amp; u c miracle tomorrow, do it,pls,pls do it...",ham
ham,sent me ur email id soon,ham
ham,serious? what like proper tongued her,ham
ham,she ran off with a younger man. we will make pretty babies together :),ham
ham,"she said,'' do u mind if i go into the bedroom for a minute ? '' ''ok'', i sed in a sexy mood. she came out 5 minuts latr wid a cake...n my wife,",ham
ham,"she said,'' do u mind if i go into the bedroom for a minute ? '' ''ok'', i sed in a sexy mood. she came out 5 minuts latr wid a cake...n my wife,",ham
ham,she.s fine. i have had difficulties with her phone. it works with mine. can you pls send her another friend request.,ham
ham,should i be stalking u?,ham
ham,should i head straight there or what,ham
ham,sindu got job in birla soft ..,ham
ham,sir send to group mail check it.,ham
ham,"sir, i am waiting for your call.",ham
ham,"sir, i need axis bank account no and bank address.",ham
ham,"sir, i need velusamy sir's date of birth and company bank facilities details.",ham
ham,sitting ard nothing to do lor. u leh busy w work?,ham
ham,smith waste da.i wanna gayle.,ham
ham,so how many days since then?,ham
ham,"so many people seems to be special at first sight, but only very few will remain special to you till your last sight.. maintain them till life ends.. sh!jas",ham
ham,"so many people seems to be special at first sight, but only very few will remain special to you till your last sight.. maintain them till life ends.. sh!jas",ham
ham,so u gonna get deus ex?,ham
ham,so wats ur opinion abt him and how abt is character?,ham
ham,so when do you wanna gym harri,ham
ham,so when you gonna get rimac access,spam
ham,so ü pay first lar... then when is da stock comin...,ham
ham,"solve d case : a man was found murdered on &lt;decimal&gt; . &lt;#&gt; afternoon. 1,his wife called police. 2,police questioned everyone. 3,wife: sir,i was sleeping, when the murder took place. 4.cook: i was cooking. 5.gardener: i was picking vegetables. 6.house-maid: i went 2 d post office. 7.children: we went 2 play. 8.neighbour: we went 2 a marriage. police arrested d murderer immediately. who's it? reply with reason, if u r brilliant.",ham
ham,"solve d case : a man was found murdered on &lt;decimal&gt; . &lt;#&gt; afternoon. 1,his wife called police. 2,police questioned everyone. 3,wife: sir,i was sleeping, when the murder took place. 4.cook: i was cooking. 5.gardener: i was picking vegetables. 6.house-maid: i went 2 d post office. 7.children: we went 2 play. 8.neighbour: we went 2 a marriage. police arrested d murderer immediately. who's it? reply with reason, if u r brilliant.",ham
ham,sorry about that this is my mates phone and i didnt write it love kate,ham
ham,"sorry da thangam, very very sorry i am held up with prasad.",ham
ham,"sorry i flaked last night, shit's seriously goin down with my roommate, what you up to tonight?",ham
ham,sorry i now then c ur msg... yar lor so poor thing... but only 4 one night... tmr u'll have a brand new room 2 sleep in...,ham
ham,"sorry im getting up now, feel really bad- totally rejected that kinda me thing.",ham
ham,"sorry pa, i dont knw who ru pa?",ham
ham,"sorry that took so long, omw now",ham
ham,"sorry, i can't help you on this.",ham
ham,"sorry, i guess whenever i can get a hold of my connections, maybe an hour or two? i'll text you",ham
ham,"sorry, i'll call later",ham
ham,"sorry, i'll call later",ham
ham,"sorry, i'll call later",ham
ham,"sorry, i'll call later",ham
ham,"sorry, i'll call later",ham
ham,"sorry, i'll call later",ham
ham,"sorry, i'll call later",ham
ham,"sorry, i'll call later in meeting.",ham
ham,"sorry, went to bed early, nightnight",ham
ham,"sounds good, keep me posted",ham
ham,sounds great! im going to sleep now. have a good night!,ham
ham,squeeeeeze!! this is christmas hug.. if u lik my frndshp den hug me back.. if u get 3 u r cute:) 6 u r luvd:* 9 u r so lucky;) none? people hate u:,ham
ham,"st andre, virgil's cream",ham
ham,still chance there. if you search hard you will get it..let have a try :),ham
ham,stupid.its not possible,ham
ham,super msg da:)nalla timing.,ham
ham,"sure, if i get an acknowledgement from you that it's astoundingly tactless and generally faggy to demand a blood oath fo",ham
ham,"sure, whenever you show the fuck up &gt;:(",ham
ham,"swhrt how u dey,hope ur ok, tot about u 2day.love n miss.take care.",ham
ham,tell me again what your address is,ham
ham,tell me they're female :v how're you throwing in? we're deciding what all to get now,ham
ham,tell my bad character which u dnt lik in me. i'll try to change in &lt;#&gt; . i ll add tat 2 my new year resolution. waiting for ur reply.be frank...good morning.,ham
ham,tell your friends what you plan to do on valentines day @ &lt;url&gt;,ham
ham,tell your friends what you plan to do on valentines day @ &lt;url&gt;,ham
ham,tessy..pls do me a favor. pls convey my birthday wishes to nimya..pls dnt forget it. today is her birthday shijas,ham
ham,thank you baby! i cant wait to taste the real thing...,ham
ham,thank you princess! you are so sexy...,ham
ham,thanks and ! or bomb and date as my phone wanted to say!,ham
ham,thanks chikku..:-) gud nyt:-*,ham
ham,"thanks da thangam, i feel very very happy dear. i also miss you da.",ham
ham,thanks for picking up the trash.,ham
ham,thanks for sending this mental ability question..,ham
ham,thanx 4 puttin da fone down on me!!,ham
ham,"thanx 4 the time weve spent 2geva, its bin mint! ur my baby and all i want is u!xxxx",ham
ham,thanx a lot 4 ur help!,ham
ham,thanx a lot...,ham
ham,that day you asked about anand number. why:-),ham
ham,that means from february to april i'll be getting a place to stay down there so i don't have to hustle back and forth during audition season as i have since my sister moved away from harlem.,ham
ham,that sucks. i'll go over so u can do my hair. you'll do it free right?,ham
ham,"that's cool he'll be here all night, lemme know when you're around",ham
ham,that's the way you should stay oh.,ham
ham,"that's very rude, you on campus?",spam
ham,that's y u haf 2 keep me busy...,ham
ham,"the affidavit says &lt;#&gt; e twiggs st, division g, courtroom &lt;#&gt; , &lt;time&gt; am. i'll double check and text you again tomorrow",ham
ham,the greatest test of courage on earth is to bear defeat without losing heart....gn tc,ham
ham,"the table's occupied, i'm waiting by the tree",spam
ham,the wine is flowing and i'm i have nevering..,ham
ham,the xmas story is peace.. the xmas msg is love.. the xmas miracle is jesus.. hav a blessed month ahead &amp; wish u merry xmas...,ham
ham,then its most likely called mittelschmertz. google it. if you dont have paracetamol dont worry it will go.,ham
ham,then mum's repent how?,ham
ham,then u ask darren go n pick u lor... but i oso sian tmr haf 2 meet lect...,ham
ham,then ur sis how?,ham
ham,then ü come n pick me at 530 ar?,ham
ham,there are many company. tell me the language.,ham
ham,there are no other charges after transfer charges and you can withdraw anyhow you like,ham
ham,"there'll be a minor shindig at my place later tonight, you interested?",ham
ham,there's someone here that has a year &lt;#&gt; toyota camry like mr olayiwola's own. mileage is &lt;#&gt; k.its clean but i need to know how much will it sell for. if i can raise the dough for it how soon after landing will it sell. holla back.,ham
ham,these won't do. have to move on to morphine,ham
ham,they are just making it easy to pay back. i have &lt;#&gt; yrs to say but i can pay back earlier. you get?,ham
ham,"think i might have to give it a miss. am teaching til twelve, then have lecture at two. damn this working thing.",ham
ham,"this is one of the days you have a billion classes, right?",ham
ham,this is wishing you a great day. moji told me about your offer and as always i was speechless. you offer so easily to go to great lengths on my behalf and its stunning. my exam is next friday. after that i will keep in touch more. sorry.,ham
ham,this message is from a great doctor in india:-): 1) do not drink appy fizz. it contains cancer causing age,ham
ham,this phone has the weirdest auto correct.,ham
ham,thnx dude. u guys out 2nite?,ham
ham,"time n smile r the two crucial things in our life. sometimes time makes us to forget smile, and sometimes someone's smile makes us to forget time gud noon",ham
ham,tired. i haven't slept well the past few nights.,ham
ham,tiwary to rcb.battle between bang and kochi.,spam
ham,tomarrow final hearing on my laptop case so i cant.,ham
ham,tomarrow i want to got to court. at &lt;decimal&gt; . so you come to bus stand at 9.,ham
ham,tomorrow i am not going to theatre. . . so i can come wherever u call me. . . tell me where and when to come tomorrow,ham
ham,"total disappointment, when i texted you was the craziest shit got :(",ham
ham,try neva mate!!,ham
ham,"tunji, how's the queen? how are you doing. this is just wishing you a great day. abiola.",ham
ham,u call me alter at 11 ok.,spam
ham,u can call now...,ham
ham,u don't remember that old commercial?,ham
ham,u guys never invite me anywhere :(,ham
ham,u havent lost me ill always b here 4u.i didnt intend 2 hurt u but i never knew how u felt about me when iwas+marine&thats what itried2tell urmom.i careabout u,ham
ham,u horrible gal... u knew dat i was going out wif him yest n u still come n ask me...,ham
ham,u know we watchin at lido?,ham
ham,u r too much close to my heart. if u go away i will be shattered. plz stay with me.,ham
ham,u reach orchard already? u wan 2 go buy tickets first?,ham
ham,u should have made an appointment,ham
ham,u still going to the mall?,ham
ham,u studying in sch or going home? anyway i'll b going 2 sch later.,ham
ham,ultimately tor motive tui achieve korli.,ham
ham,umma. did she say anything,ham
ham,"uncle g, just checking up on you. do have a rewarding month",ham
ham,unlimited texts. limited minutes.,spam
ham,unni thank you dear for the recharge..rakhesh,ham
ham,"until 545 lor... ya, can go 4 dinner together...",ham
ham,up to ü... ü wan come then come lor... but i din c any stripes skirt...,ham
ham,update your face book status frequently :),ham
ham,v nice! off 2 sheffield tom 2 air my opinions on categories 2 b used 2 measure ethnicity in next census. busy transcribing. :-),ham
ham,wait &lt;#&gt; min..,ham
ham,want to send me a virtual hug?... i need one,ham
ham,was actually about to send you a reminder today. have a wonderful weekend,ham
ham,was doing my test earlier. i appreciate you. will call you tomorrow.,ham
ham,was just about to ask. will keep this one. maybe that's why you didn't get all the messages we sent you on glo,ham
ham,was the farm open?,ham
ham,wat makes some people dearer is not just de happiness dat u feel when u meet them but de pain u feel when u miss dem!!!,ham
ham,wat makes u thk i'll fall down. but actually i thk i'm quite prone 2 falls. lucky my dad at home i ask him come n fetch me already.,ham
ham,wat r u doing now?,ham
ham,wat so late still early mah. or we juz go 4 dinner lor. aiya i dunno...,ham
ham,wat time do u wan 2 meet me later?,ham
ham,wat uniform? in where get?,spam
ham,wat's da model num of ur phone?,ham
ham,watch lor. i saw a few swatch one i thk quite ok. ard 116 but i need 2nd opinion leh...,ham
ham,"watching cartoon, listening music &amp; at eve had to go temple &amp; church.. what about u?",ham
ham,we are supposed to meet to discuss abt our trip... thought xuhui told you? in the afternoon. thought we can go for lesson after that,ham
ham,we don call like &lt;#&gt; times oh. no give us hypertension oh.,ham
ham,"we have sent jd for customer service cum accounts executive to ur mail id, for details contact us",ham
ham,we have to pick rayan macleran there.,ham
ham,we live in the next &lt;#&gt; mins,ham
ham,we r outside already.,ham
ham,we still on for tonight?,ham
ham,"we're all getting worried over here, derek and taylor have already assumed the worst",ham
ham,we're on the opposite side from where we dropped you off,ham
ham,"well done, blimey, exercise, yeah, i kinda remember wot that is, hmm.",ham
ham,well i wasn't available as i washob nobbing with last night so they had to ask nickey platt instead of me!;,ham
ham,well i will watch shrek in 3d!!b),ham
ham,well if i'm that desperate i'll just call armand again,ham
ham,well keep in mind i've only got enough gas for one more round trip barring a sudden influx of cash,ham
ham,well you told others you'd marry them...,ham
ham,"well, i was about to give up cos they all said no they didn‘t do one nighters. i persevered and found one but it is very cheap so i apologise in advance. it is just somewhere to sleep isnt it?",ham
ham,"well, i'm glad you didn't find it totally disagreeable ... lol",ham
ham,well. balls. time to make calls,ham
ham,well. you know what i mean. texting,ham
ham,"wen ur lovable bcums angry wid u, dnt take it seriously.. coz being angry is d most childish n true way of showing deep affection, care n luv!.. kettoda manda... have nice day da.",ham
ham,were trying to find a chinese food place around here,ham
ham,what can i do? might accidant tookplace between somewhere ghodbandar rd. traffic moves slovely. so plz slip &amp; don't worry.,ham
ham,what happen dear tell me,ham
ham,what happen to her tell the truth,ham
ham,what i mean is do they come chase you out when its over or is it stated you can watch as many movies as you want.,ham
ham,"what i mean was i left too early to check, cos i'm working a 9-6.",ham
ham,what number do u live at? is it 11?,spam
ham,what pa tell me.. i went to bath:-),ham
ham,what should i eat fo lunch senor,ham
ham,what time should i tell my friend to be around?,ham
ham,what today-sunday..sunday is holiday..so no work..,ham
ham,what was she looking for?,spam
ham,"what will we do in the shower, baby?",ham
ham,what you doing?how are you?,ham
ham,"what's up bruv, hope you had a great break. do have a rewarding semester.",ham
ham,"whatever, im pretty pissed off.",ham
ham,when are you going to ride your bike?,ham
ham,when did i use soc... i use it only at home... ü dunno how 2 type it in word ar...,ham
ham,when did you get to the library,ham
ham,"when people see my msgs, they think iam addicted to msging... they are wrong, bcoz they don\\'t know that iam addicted to my sweet friends..!! bslvyl",ham
ham,"when people see my msgs, they think iam addicted to msging... they are wrong, bcoz they don\\'t know that iam addicted to my sweet friends..!! bslvyl",ham
ham,when you and derek done with class?,ham
ham,when you guys planning on coming over?,ham
ham,"when you just put in the + sign, choose my number and the pin will show. right?",ham
ham,when ü login dat time... dad fetching ü home now?,ham
ham,where are you ? what are you doing ? are yuou working on getting the pc to your mom's ? did you find a spot that it would work ? i need you,ham
ham,where are you ? what do you do ? how can you stand to be away from me ? doesn't your heart ache without me ? don't you wonder of me ? don't you crave me ?,ham
ham,where are you call me.,spam
ham,where at were hungry too,ham
ham,where r e meeting tmr?,ham
ham,where to get those?,ham
ham,where wuld i be without my baby? the thought alone mite break me and i dont wanna go crazy but everyboy needs his lady xxxxxxxx,ham
ham,who u talking about?,ham
ham,whom you waited for yesterday,ham
ham,whore you are unbelievable.,ham
ham,why didn't u call on your lunch?,ham
ham,why i come in between you people,ham
ham,why must we sit around and wait for summer days to celebrate. such a magical sight when the worlds dressed in white. oooooh let there be snow.,ham
ham,will you come online today night,ham
ham,wishing you a wonderful week.,ham
ham,wot is u up 2 then bitch?,ham
ham,would me smoking you out help us work through this difficult time,ham
ham,"wow. you're right! i didn't mean to do that. i guess once i gave up on boston men and changed my search location to nyc, something changed. cuz on my signin page it still says boston.",ham
ham,xy trying smth now. u eat already? we havent...,ham
ham,y de asking like this.,ham
ham,y dun cut too short leh. u dun like ah? she failed. she's quite sad.,ham
ham,ya even those cookies have jelly on them,ham
ham,ya had just now.onion roast.,ham
ham,"ya, i'm referin to mei's ex wat... no ah, waitin 4 u to treat, somebody shld b rich liao...so gd, den u dun have to work frm tmr onwards...",ham
ham,yar... i tot u knew dis would happen long ago already.,ham
ham,yeah confirmed for you staying at that weekend,ham
ham,yeah he got in at 2 and was v apologetic. n had fallen out and she was actin like spoilt child and he got caught up in that. till 2! but we won't go there! not doing too badly cheers. you?,ham
ham,yeah i'll try to scrounge something up,ham
ham,yeah jay's sort of a fucking retard,ham
ham,yeah like if it goes like it did with my friends imma flip my shit in like half an hour,ham
ham,yeah my usual guy's out of town but there're definitely people around i know,ham
ham,"yeah why not, is the gang all ready",ham
ham,"yeah, probably earlier than that",ham
ham,"yeah, where's your class at?",ham
ham,yep then is fine 7.30 or 8.30 for ice age.,ham
ham,"yep, by the pretty sculpture",ham
ham,yes :)it completely in out of form:)clark also utter waste.,ham
ham,yes ammae....life takes lot of turns you can only sit and try to hold the steering...,ham
ham,yes but i don't care cause i know its there!,ham
ham,"yes but i dont care! i need you bad, princess!",ham
ham,yes da. any plm at ur office,ham
ham,yes i know the cheesy songs from frosty the snowman :),ham
ham,yes i posted a couple of pics on fb. there's still snow outside too. i'm just waking up :),ham
ham,yes watching footie but worried we're going to blow it - phil neville?,ham
ham,yes we are chatting too.,spam
ham,yes when is the appt again?,ham
ham,"yes, princess. toledo.",ham
ham,yes. last practice,ham
ham,yes..he is really great..bhaji told kallis best cricketer after sachin in world:).very tough to get out.,ham
ham,yes:)sura in sun tv.:)lol.,ham
ham,yesterday its with me only . now am going home.,ham
ham,"yo carlos, a few friends are already asking me about you, you working at all this weekend?",ham
ham,yo dude guess who just got arrested the other day,ham
ham,yo guess what i just dropped,ham
ham,yo sorry was in the shower sup,ham
ham,"you are always putting your business out there. you put pictures of your ass on facebook. you are one of the most open people i've ever met. why would i think a picture of your room would hurt you, make you feel violated.",ham
ham,you are not bothering me but you have to trust my answers. pls.,ham
ham,you are right though. i can't give you the space you want and need. this is really starting to become an issue. i was going to suggest setting a definite move out--if i'm still there-- after greece. but maybe you are ready and should do it now.,ham
ham,you are right. meanwhile how's project twins comin up,ham
ham,you call times job today ok umma and ask them to speed up,ham
ham,you didnt complete your gist oh.,ham
ham,you do your studies alone without anyones help. if you cant no need to study.,ham
ham,you dont know you jabo me abi.,ham
ham,you getting back any time soon?,ham
ham,you got job in wipro:)you will get every thing in life in 2 or 3 years.,ham
ham,"you have come into my life and brought the sun ..shiny down on me, warming my heart. putting a constant smile on my face ... making me feel loved and cared for",ham
ham,you lifted my hopes with the offer of money. i am in need. especially when the end of the month approaches and it hurts my studying. anyways have a gr8 weekend,ham
ham,you please give us connection today itself before &lt;decimal&gt; or refund the bill,ham
ham,you said not now. no problem. when you can. let me know.,ham
ham,you should know now. so how's anthony. are you bringing money. i've school fees to pay and rent and stuff like that. thats why i need your help. a friend in need....|,ham
ham,you still coming tonight?,ham
ham,you tell what happen dont behave like this to me. ok no need to say,ham
ham,you will be in the place of that man,ham
ham,your bill at 3 is £33.65 so thats not bad!,spam
ham,your board is working fine. the issue of overheating is also reslove. but still software inst is pending. i will come around 8'o clock.,ham
ham,your gonna be the death if me. i'm gonna leave a note that says its all robs fault. avenge me.,ham
ham,your gonna have to pick up a $1 burger for yourself on your way home. i can't even move. pain is killing me.,ham
ham,your opinion about me? 1. over 2. jada 3. kusruthi 4. lovable 5. silent 6. spl character 7. not matured 8. stylish 9. simple pls reply..,ham
ham,yun ah.now ü wkg where?btw if ü go nus sc. ü wana specialise in wad?,ham
ham,yunny i'm walking in citylink now ü faster come down... me very hungry...,ham
ham,yup but not studying surfing lor. i'm in e lazy mode today.,ham
ham,yup no more already... thanx 4 printing n handing it up.,ham
ham,yup ok thanx...,ham
ham,yup ok...,ham
ham,yup... from what i remb... i think should be can book...,ham
ham,zoe it just hit me 2 im fucking shitin myself il defo try my hardest 2 cum 2morow luv u millions lekdog,ham
ham,ü called dad oredi...,ham
ham,ü collecting ur laptop then going to configure da settings izzit?,ham
ham,ü give me some time to walk there.,ham
ham,ü still got lessons? ü in sch?,ham
ham,"… we r stayin here an extra week, back next wed. how did we do in the rugby this weekend? hi to and and , c u soon \"\"",ham
spam,"\"\"\"for the most sparkling shopping breaks from 45 per person; call 0121 2025050 or visit www.shortbreaks.org.uk\"\"\"",spam
spam,"\"you can stop further club tones by replying \"\"stop mix\"\" see my-tone.com/enjoy. html for terms. club tones cost gbp4.50/week. mfl",spam
spam,"\"you have been specially selected to receive a \"\"3000 award! call 08712402050 before the lines close. cost 10ppm. 16+. t&cs apply. ag promo\"",spam
spam,(bank of granite issues strong-buy) explosive pick for our members *****up over 300% *********** nasdaq symbol cdgt that is a $5.00 per..,ham
spam,07732584351 - rodger burns - msg = we tried to call you re your reply to our sms for a free nokia mobile + free camcorder. please call now 08000930705 for delivery tomorrow,spam
spam,22 days to kick off! for euro2004 u will be kept up to date with the latest news and results daily. to be removed send get txt stop to 83222,spam
spam,"3 free tarot texts! find out about your love life now! try 3 for free! text chance to 85555 16 only! after 3 free, msgs £1.50 each",spam
spam,"500 new mobiles from 2004, must go! txt: nokia to no: 89545 & collect yours today!from only £1 www.4-tc.biz 2optout 087187262701.50gbp/mtmsg18",spam
spam,88066 from 88066 lost 3pound help,ham
spam,a £400 xmas reward is waiting for you! our computer has randomly picked you from our loyal mobile customers to receive a £400 reward. just call 09066380611,spam
spam,as a registered optin subscriber ur draw 4 £100 gift voucher will be entered on receipt of a correct ans to 80062 whats no1 in the bbc charts,spam
spam,as a registered subscriber yr draw 4 a £100 gift voucher will b entered on receipt of a correct ans. when are the next olympics. txt ans to 80062,spam
spam,"as a valued customer, i am pleased to advise you that following recent review of your mob no. you are awarded with a £1500 bonus prize, call 09066364589",spam
spam,"bored of speed dating? try speedchat, txt speedchat to 80155, if you don't like em txt swap and get a new chatter! chat80155 pobox36504w45wq 150p/msg rcd 16",spam
spam,buy space invaders 4 a chance 2 win orig arcade game console. press 0 for games arcade (std wap charge) see o2.co.uk/games 4 terms + settings. no purchase,spam
spam,call 09095350301 and send our girls into erotic ecstacy. just 60p/min. to stop texts call 08712460324 (nat rate),spam
spam,call freephone 0800 542 0578 now!,spam
spam,camera - you are awarded a sipix digital camera! call 09061221066 fromm landline. delivery within 28 days.,spam
spam,cashbin.co.uk (get lots of cash this weekend!) www.cashbin.co.uk dear welcome to the weekend we have got our biggest and best ever cash give away!! these..,spam
spam,"claim a 200 shopping spree, just call 08717895698 now! have you won! mobstorequiz10ppm",spam
spam,"congrats! 2 mobile 3g videophones r yours. call 09061744553 now! videochat wid ur mates, play java games, dload polyh music, noline rentl. bx420. ip4. 5we. 150pm",spam
spam,congrats! nokia 3650 video camera phone is your call 09066382422 calls cost 150ppm ave call 3mins vary from mobiles 16+ close 300603 post bcm4284 ldn wc1n3xx,spam
spam,congratulations ur awarded either £500 of cd gift vouchers & free entry 2 our £100 weekly draw txt music to 87066 tncs www.ldew.com1win150ppmx3age16,spam
spam,"congratulations! thanks to a good friend u have won the £2,000 xmas prize. 2 claim is easy, just call 08718726978 now! only 10p per minute. bt-national-rate",spam
spam,dear subscriber ur draw 4 £100 gift voucher will b entered on receipt of a correct ans. when was elvis presleys birthday? txt answer to 80062,spam
spam,dear voucher holder have your next meal on us. use the following link on your pc 2 enjoy a 2 4 1 dining experiencehttp://www.vouch4me.com/etlp/dining.asp,spam
spam,december only! had your mobile 11mths+? you are entitled to update to the latest colour camera mobile for free! call the mobile update co free on 08002986906,spam
spam,do you want 750 anytime any network mins 150 text and a new video phone for only five pounds per week call 08002888812 or reply for delivery tomorrow,spam
spam,do you want a new video handset? 750 any time any network mins? unlimited text? camcorder? reply or call now 08000930705 for del sat am,spam
spam,do you want a new video phone750 anytime any network mins 150 text for only five pounds per week call 08000776320 now or reply for delivery tomorrow,spam
spam,don't b floppy... b snappy & happy! only gay chat service with photo upload call 08718730666 (10p/min). 2 stop our texts call 08712460324,spam
spam,dorothy@kiefer.com (bank of granite issues strong-buy) explosive pick for our members *****up over 300% *********** nasdaq symbol cdgt that is a $5.00 per..,spam
spam,"double mins & 1000 txts on orange tariffs. latest motorola, sonyericsson & nokia with bluetooth free! call mobileupd8 on 08000839402 or call2optout/hf8",spam
spam,double mins & double txt & 1/2 price linerental on latest orange bluetooth mobiles. call mobileupd8 for the very latest offers. 08000839402 or call2optout/lf56,spam
spam,double your mins & txts on orange or 1/2 price linerental - motorola and sonyericsson with b/tooth free-nokia free call mobileupd8 on 08000839402 or2optout/hv9d,spam
spam,"eerie nokia tones 4u, rply tone title to 8007 eg tone dracula to 8007 titles: ghost, addamsfa, munsters, exorcist, twilight www.getzed.co.uk pobox36504w45wq 150p",spam
spam,for taking part in our mobile survey yesterday! you can now have 500 texts 2 use however you wish. 2 get txts just send txt to 80160 t&c www.txt43.com 1.50p,spam
spam,"for ur chance to win a £250 wkly shopping spree txt: shop to 80878. t's&c's www.txt-2-shop.com custcare 08715705022, 1x150p/wk",spam
spam,free 1st week entry 2 textpod 4 a chance 2 win 40gb ipod or £250 cash every wk. txt pod to 84128 ts&cs www.textpod.net custcare 08712405020.,spam
spam,free entry in 2 a weekly comp for a chance to win an ipod. txt pod to 80182 to get entry (std txt rate) t&c's apply 08452810073 for details 18+,spam
spam,free entry in 2 a weekly comp for a chance to win an ipod. txt pod to 80182 to get entry (std txt rate) t&c's apply 08452810073 for details 18+,spam
spam,free entry in 2 a wkly comp to win fa cup final tkts 21st may 2005. text fa to 87121 to receive entry question(std txt rate)t&c's apply 08452810075over18's,spam
spam,free entry into our £250 weekly competition just text the word win to 80086 now. 18 t&c www.txttowin.co.uk,spam
spam,free for 1st week! no1 nokia tone 4 ur mob every week just txt nokia to 8007 get txting and tell ur mates www.getzed.co.uk pobox 36504 w45wq norm150p/tone 16+,spam
spam,free for 1st week! no1 nokia tone 4 ur mob every week just txt nokia to 87077 get txting and tell ur mates. zed pobox 36504 w45wq norm150p/tone 16+,spam
spam,"free message activate your 500 free text messages by replying to this message with the word free for terms & conditions, visit www.07781482378.com",spam
spam,free msg: single? find a partner in your area! 1000s of real people are waiting to chat now!send chat to 62220cncl send stopcs 08717890890£1.50 per msg,spam
spam,"free ringtone text first to 87131 for a poly or text get to 87131 for a true tone! help? 0845 2814032 16 after 1st free, tones are 3x£150pw to e£nd txt stop",spam
spam,free>ringtone! reply real or poly eg real1 1. pushbutton 2. dontcha 3. babygoodbye 4. golddigger 5. webeburnin 1st tone free and 6 more when u join for £3/wk,spam
spam,freemsg today's the day if you are ready! i'm horny & live in your town. i love sex fun & games! netcollex ltd 08700621170150p per msg reply stop to end,spam
spam,freemsg: fancy a flirt? reply date now & join the uks fastest growing mobile dating service. msgs rcvd just 25p to optout txt stop to 83021. reply date now!,spam
spam,from 88066 lost £12 help,ham
spam,gent! we are trying to contact you. last weekends draw shows that you won a £1000 prize guaranteed. call 09064012160. claim code k52. valid 12hrs only. 150ppm,spam
spam,"get 3 lions england tone, reply lionm 4 mono or lionp 4 poly. 4 more go 2 www.ringtones.co.uk, the original n best. tones 3gbp network operator rates apply",spam
spam,goldviking (29/m) is inviting you to be his friend. reply yes-762 or no-762 see him: www.sms.ac/u/goldviking stop? send stop frnd to 62468,spam
spam,"got what it takes 2 take part in the wrc rally in oz? u can with lucozade energy! text rally le to 61200 (25p), see packs or lucozade.co.uk/wrc & itcould be u!",spam
spam,great new offer - double mins & double txt on best orange tariffs and get latest camera phones 4 free! call mobileupd8 free on 08000839402 now! or 2stoptxt t&cs,spam
spam,great news! call freefone 08006344447 to claim your guaranteed £1000 cash or £2000 gift. speak to a live operator now!,spam
spam,gsoh? good with spam the ladies?u could b a male gigolo? 2 join the uk's fastest growing mens club reply oncall. mjzgroup. 08714342399.2stop reply stop. msg@£1.50rcvd,spam
spam,"had your contract mobile 11 mnths? latest motorola, nokia etc. all free! double mins & text on orange tariffs. text yes for callback, no to remove from records",spam
spam,had your mobile 10 mths? update to latest orange camera/video phones for free. save £s with free texts/weekend calls. text yes for a callback orno to opt out,spam
spam,had your mobile 11 months or more? u r entitled to update to the latest colour mobiles with camera for free! call the mobile update co free on 08002986030,spam
spam,had your mobile 11 months or more? u r entitled to update to the latest colour mobiles with camera for free! call the mobile update co free on 08002986030,spam
spam,"hello from orange. for 1 month's free access to games, news and sport, plus 10 free texts and 20 photo messages, reply yes. terms apply: www.orange.co.uk/ow",spam
spam,hello. we need some posh birds and chaps to user trial prods for champneys. can i put you down? i need your address and dob asap. ta r,ham
spam,"hi, this is mandy sullivan calling from hotmix fm...you are chosen to receive £5000.00 in our easter prize draw.....please telephone 09041940223 to claim before 29/03/05 or your prize will be transferred to someone else....",spam
spam,"hot live fantasies call now 08707509020 just 20p per min ntt ltd, po box 1327 croydon cr9 5wb 0870..k",spam
spam,how come it takes so little time for a child who is afraid of the dark to become a teenager who wants to stay out all night?,ham
spam,i am hot n horny and willing i live local to you - text a reply to hear strt back from me 150p per msg netcollex ltdhelpdesk: 02085076972 reply stop to end,spam
spam,i don't know u and u don't know me. send chat to 86688 now and let's find each other! only 150p/msg rcvd. hg/suite342/2lands/row/w1j6hl ldn. 18 years or over.,spam
spam,"i want some cock! my hubby's away, i need a real man 2 satisfy me. txt wife to 89938 for no strings action. (txt stop 2 end, txt rec £1.50ea. otbox 731 la1 7ws. )",spam
spam,important information 4 orange user 0789xxxxxxx. today is your lucky day!2find out why log onto http://www.urawinner.com there's a fantastic surprise awaiting you!,spam
spam,important information 4 orange user 0796xxxxxx. today is ur lucky day!2 find out why log onto http://www.urawinner.com there's a fantastic prizeawaiting you!,spam
spam,interflora - it's not too late to order interflora flowers for christmas call 0800 505060 to place your order before midnight tomorrow.,ham
spam,it to 80488. your 500 free text messages are valid until 31 december 2005.,spam
spam,knock knock txt whose there to 80082 to enter r weekly draw 4 a £250 gift voucher 4 a store of yr choice. t&cs www.tkls.com age16 to stoptxtstop£1.50/week,spam
spam,"last chance! claim ur £150 worth of discount vouchers today! text shop to 85023 now! savamob, offers mobile! t cs savamob pobox84, m263uz. £3.00 sub. 16",spam
spam,"loan for any purpose £500 - £75,000. homeowners + tenants welcome. have you been previously refused? we can still help. call free 0800 1956669 or text back 'help'",spam
spam,"mila, age23, blonde, new in uk. i look sex with uk guys. if u like fun with me. text mtalk to 69866.18 . 30pp/txt 1st 5free. £1.50 increments. help08718728876",spam
spam,"new mobiles from 2004, must go! txt: nokia to no: 89545 & collect yours today! from only £1. www.4-tc.biz 2optout 087187262701.50gbp/mtmsg18 txtauction.",spam
spam,no. 1 nokia tone 4 ur mob every week! just txt nok to 87021. 1st tone free ! so get txtin now and tell ur friends. 150p/tone. 16 reply hl 4info,spam
spam,"orange brings you ringtones from all time chart heroes, with a free hit each week! go to ringtones & pics on wap. to stop receiving these tips reply stop.",spam
spam,our records indicate u maybe entitled to 5000 pounds in compensation for the accident you had. to claim 4 free reply with claim to this msg. 2 stop txt stop,spam
spam,private! your 2003 account statement for 07753741225 shows 800 un-redeemed s. i. m. points. call 08715203677 identifier code: 42478 expires 24/10/04,spam
spam,private! your 2003 account statement for 078,spam
spam,private! your 2003 account statement for shows 800 un-redeemed s. i. m. points. call 08715203694 identifier code: 40533 expires 31/10/04,spam
spam,private! your 2003 account statement for shows 800 un-redeemed s.i.m. points. call 08715203685 identifier code:4xx26 expires 13/10/04,spam
spam,promotion number: 8714714 - ur awarded a city break and could win a £200 summer shopping spree every wk. txt store to 88039 . skilgme. tscs087147403231winawk!age16 £1.50perwksub,spam
spam,ree entry in 2 a weekly comp for a chance to win an ipod. txt pod to 80182 to get entry (std txt rate) t&c's apply 08452810073 for details 18+,spam
spam,reminder: you have not downloaded the content you have already paid for. goto http://doit. mymoby. tv/ to collect your content.,spam
spam,reply to win £100 weekly! what professional sport does tiger woods play? send stop to 87239 to end service,spam
spam,reply with your name and address and you will receive by post a weeks completely free accommodation at various global locations www.phb1.com ph:08700435505150p,spam
spam,"romantic paris. 2 nights, 2 flights from £79 book now 4 next year. call 08704439680ts&cs apply.",spam
spam,rt-king pro video club>> need help? info@ringtoneking.co.uk or call 08701237397 you must be 16+ club credits redeemable at www.ringtoneking.co.uk! enjoy!,spam
spam,"shop till u drop, is it you, either 10k, 5k, £500 cash or £100 travel voucher, call now, 09064011000. ntt po box cr01327bt fixedline cost 150ppm mobile vary",spam
spam,"six chances to win cash! from 100 to 20,000 pounds txt> csh11 and send to 87575. cost 150p/day, 6days, 16+ tsandcs apply reply hl 4 info",spam
spam,sunshine quiz wkly q! win a top sony dvd player if u know which country the algarve is in? txt ansr to 82277. £1.50 sp:tyrone,spam
spam,sunshine quiz! win a super sony dvd recorder if you canname the capital of australia? text mquiz to 82277. b,spam
spam,t-mobile customer you may now claim your free camera phone upgrade & a pay & go sim card for your loyalty. call on 0845 021 3680.offer ends 28thfeb.t&c's apply,spam
spam,"thanks for your ringtone order, reference t91. you will be charged gbp 4 per week. you can unsubscribe at anytime by calling customer services on 09057039994",spam
spam,thanks for your subscription to ringtone uk your mobile will be charged £5/month please confirm by replying yes or no. if you reply no you will not be charged,spam
spam,the current leading bid is 151. to pause this auction send out. customer care: 08718726270,spam
spam,"this is the 2nd time we have tried 2 contact u. u have won the 750 pound prize. 2 claim is easy, call 08712101358 now! only 10p per min. bt-national-rate",spam
spam,u are subscribed to the best mobile content service in the uk for £3 per ten days until you send stop to 83435. helpline 08706091795.,spam
spam,"u can win £100 of music gift vouchers every week starting now txt the word draw to 87066 tscs www.idew.com skillgame, 1winaweek, age16. 150ppermesssubscription",spam
spam,"u can win £100 of music gift vouchers every week starting now txt the word draw to 87066 tscs www.idew.com skillgame, 1winaweek, age16. 150ppermesssubscription",spam
spam,u have a secret admirer. reveal who thinks u r so special. call 09065174042. to opt out reply reveal stop. 1.50 per msg recd. cust care 07821230901,spam
spam,u r a winner u ave been specially selected 2 receive £1000 cash or a 4* holiday (flights inc) speak to a live operator 2 claim 0871277810710p/min (18 ),spam
spam,"u've been selected to stay in 1 of 250 top british hotels - for nothing! holiday valued at £350! dial 08712300220 to claim - national rate call. bx526, sw73ss",spam
spam,update_now - 12mths half price orange line rental: 400mins...call mobileupd8 on 08000839402 or call2optout=j5q,spam
spam,ur awarded a city break and could win a £200 summer shopping spree every wk. txt store to 88039 . skilgme. tscs087147403231winawk!age16 £1.50perwksub,spam
spam,ur cash-balance is currently 500 pounds - to maximize ur cash-in now send cash to 86688 only 150p/msg. cc: 08708800282 hg/suite342/2lands row/w1j6hl,spam
spam,ur cash-balance is currently 500 pounds - to maximize ur cash-in now send collect to 83600 only 150p/msg. cc: 08718720201 po box 114/14 tcr/w1,spam
spam,"urgent -call 09066649731from landline. your complimentary 4* ibiza holiday or £10,000 cash await collection sae t&cs po box 434 sk3 8wp 150ppm 18+",spam
spam,"urgent ur awarded a complimentary trip to eurodisinc trav, aco&entry41 or £1000. to claim txt dis to 87121 18+6*£1.50(morefrmmob. shracomorsglsuplt)10, ls1 3aj",spam
spam,urgent! please call 09061213237 from a landline. £5000 cash or a 4* holiday await collection. t &cs sae po box 177 m227xy. 16+,spam
spam,urgent! please call 09061743810 from landline. your abta complimentary 4* tenerife holiday or #5000 cash await collection sae t&cs box 326 cw25wx 150 ppm,spam
spam,urgent! please call 09061743811 from landline. your abta complimentary 4* tenerife holiday or £5000 cash await collection sae t&cs box 326 cw25wx 150ppm,spam
spam,"urgent! please call 0906346330. your abta complimentary 4* spanish holiday or £10,000 cash await collection sae t&cs box 47 po19 2ez 150ppm 18+",spam
spam,urgent! we are trying to contact u. todays draw shows that you have won a £800 prize guaranteed. call 09050001295 from land line. claim a21. valid 12hrs only,spam
spam,"urgent! you have won a 1 week free membership in our £100,000 prize jackpot! txt the word: claim to no: 81010 t&c www.dbuk.net lccltd pobox 4403ldnw1a7rw18",spam
spam,"urgent!! your 4* costa del sol holiday or £5000 await collection. call 09050090044 now toclaim. sae, tc s, pobox334, stockport, sk38xh, cost£1.50/pm, max10mins",spam
spam,u’ve bin awarded £50 to play 4 instant cash. call 08715203028 to claim. every 9th player wins min £50-£500. optout 08718727870,spam
spam,wanna get laid 2nite? want real dogging locations sent direct to ur mobile? join the uk's largest dogging network. txt park to 69696 now! nyt. ec2a. 3lp £1.50/msg,spam
spam,"want to funk up ur fone with a weekly new tone reply tones2u 2 this text. www.ringtones.co.uk, the original n best. tones 3gbp network operator rates apply",spam
spam,"want to funk up ur fone with a weekly new tone reply tones2u 2 this text. www.ringtones.co.uk, the original n best. tones 3gbp network operator rates apply",spam
spam,warner village 83118 c colin farrell in swat this wkend @warner village & get 1 free med. popcorn!just show msg+ticket@kiosk.valid 4-7/12. c t&c @kiosk. reply sony 4 mre film offers,ham
spam,we currently have a message awaiting your collection. to collect your message just call 08718723815.,spam
spam,we tried to contact you re your reply to our offer of a video phone 750 anytime any network mins half price line rental camcorder reply or call 08000930705,spam
spam,what do u want for xmas? how about 100 free text messages & a new video phone with half price line rental? call free now on 0800 0721072 to find out more!,spam
spam,"win the newest harry potter and the order of the phoenix (book 5) reply harry, answer 5 questions - chance to be the first among readers!",spam
spam,win urgent! your mobile number has been awarded with a £2000 prize guaranteed call 09061790121 from land line. claim 3030 valid 12hrs only 150ppm,spam
spam,would you like to see my xxx pics they are so hot they were nearly banned in the uk!,spam
spam,"xmas offer! latest motorola, sonyericsson & nokia & free bluetooth or dvd! double mins & 1000 txt on orange. call mobileupd8 on 08000839402 or call2optout/4qf2",spam
spam,"xxxmobilemovieclub: to use your credit, click the wap link in the next txt message or click here>> http://wap. xxxmobilemovieclub.com?n=qjkgighjjgcbl",spam
spam,yes! the only place in town to meet exciting adult singles is now in the uk. txt chat to 86688 now! 150p/msg.,spam
spam,"you 07801543489 are guaranteed the latests nokia phone, a 40gb ipod mp3 player or a £500 prize! txt word:collect to no:83355! tc-llc ny-usa 150p/mt msgrcvd18+",spam
spam,you are a winner u have been specially selected 2 receive £1000 cash or a 4* holiday (flights inc) speak to a live operator 2 claim 0871277810810,spam
spam,you are a winner u have been specially selected 2 receive £1000 cash or a 4* holiday (flights inc) speak to a live operator 2 claim 0871277810810,spam
spam,you are a winner you have been specially selected to receive £1000 cash or a £2000 award. speak to a live operator to claim call 087123002209am-7pm. cost 10p,spam
spam,you are awarded a sipix digital camera! call 09061221061 from landline. delivery within 28days. t cs box177. m221bp. 2yr warranty. 150ppm. 16 . p p£3.99,spam
spam,you are being ripped off! get your mobile content from www.clubmoby.com call 08717509990 poly/true/pix/ringtones/games six downloads for only 3,spam
spam,you are now unsubscribed all services. get tons of sexy babes or hunks straight to your phone! go to http://gotbabes.co.uk. no subscriptions.,spam
spam,"you have won ?1,000 cash or a ?2,000 prize! to claim, call09050000327",spam
spam,you have won a guaranteed £1000 cash or a £2000 prize. to claim yr prize call our customer service representative on 08714712412 between 10am-7pm cost 10p,spam
spam,you have won a guaranteed £1000 cash or a £2000 prize.to claim yr prize call our customer service representative on,spam
spam,"you've won tkts to the euro2004 cup final or £800 cash, to collect call 09058099801 b4190604, pobox 7876150ppm",spam
